{
    "loss": 0.5226051211357117,
    "accuracy": 0.9396551847457886
}